No,Day,Date,Time,Home Team,Away Team,Venue,Winners,Won By
1,Fri,31 Mar,7:30 PM,Gujarat Titans,Chennai Super Kings,Ahmedabad,Gujarat Titans,5 Wkts
2,Sat,1 Apr,3:30 PM,Punjab Kings,Kolkata Knight Riders,Mohali,Punjab Kings,7 Runs
3,Sat,1 Apr,7:30 PM,Lucknow Super Giants,Delhi Capitals,Lucknow,Lucknow Super Giants,50 Runs
4,Sun,2 Apr,3:30 PM,Sunrisers Hyderabad,Rajasthan Royals,Hyderabad,Rajasthan Royals,72 Runs
5,Sun,2 Apr,7:30 PM,Royal Challengers Bangalore,Mumbai Indians,Bengaluru,Royal Challengers Bangalore,8 Wkts
6,Mon,3 Apr,7:30 PM,Chennai Super Kings,Lucknow Super Giants,Chennai,Chennai Super Kings,12 Runs
7,Tue,4 Apr,7:30 PM,Delhi Capitals,Gujarat Titans,Delhi,Gujarat Titans,6 Wkts
8,Wed,5 Apr,7:30 PM,Rajasthan Royals,Punjab Kings,Guwahati,Punjab Kings,5 Runs
9,Thu,6 Apr,7:30 PM,Kolkata Knight Riders,Royal Challengers Bangalore,Kolkata,Kolkata Knight Riders,81 Runs
10,Fri,7 Apr,7:30 PM,Lucknow Super Giants,Sunrisers Hyderabad,Lucknow,Lucknow Super Giants,5 Wkts
11,Sat,8 Apr,3:30 PM,Rajasthan Royals,Delhi Capitals,Guwahati,Rajasthan Royals,57 Runs
12,Sat,8 Apr,7:30 PM,Mumbai Indians,Chennai Super Kings,Mumbai,Chennai Super Kings,7 Wkts
13,Sun,9 Apr,3:30 PM,Gujarat Titans,Kolkata Knight Riders,Ahmedabad,Kolkata Knight Riders,3 Wkts
14,Sun,9 Apr,7:30 PM,Sunrisers Hyderabad,Punjab Kings,Hyderabad,Sunrisers Hyderabad,8 Wkts
15,Mon,10 Apr,7:30 PM,Royal Challengers Bangalore,Lucknow Super Giants,Bengaluru,Lucknow Super Giants,1 Wkts
16,Tue,11 Apr,7:30 PM,Delhi Capitals,Mumbai Indians,Delhi,Mumbai Indians,6 Wkts
17,Wed,12 Apr,7:30 PM,Chennai Super Kings,Rajasthan Royals,Chennai,Rajasthan Royals,3 Runs
18,Thu,13 Apr,7:30 PM,Punjab Kings,Gujarat Titans,Mohali,Gujarat Titans,6 Wkts
19,Fri,14 Apr,7:30 PM,Kolkata Knight Riders,Sunrisers Hyderabad,Kolkata,Sunrisers Hyderabad,23 Runs
20,Sat,15 Apr,3:30 PM,Royal Challengers Bangalore,Delhi Capitals,Bengaluru,Royal Challengers Bangalore,23 Runs
21,Sat,15 Apr,7:30 PM,Lucknow Super Giants,Punjab Kings,Lucknow,Punjab Kings,2 Wkts
22,Sun,16 Apr,3:30 PM,Mumbai Indians,Kolkata Knight Riders,Mumbai,Mumbai Indians,5 Wkts
23,Sun,16 Apr,7:30 PM,Gujarat Titans,Rajasthan Royals,Ahmedabad,Rajasthan Royals,3 Wkts
24,Mon,17 Apr,7:30 PM,Royal Challengers Bangalore,Chennai Super Kings,Bengaluru,Chennai Super Kings,8 Runs
25,Tue,18 Apr,7:30 PM,Sunrisers Hyderabad,Mumbai Indians,Hyderabad,Mumbai Indians,14 Runs
26,Wed,19 Apr,7:30 PM,Rajasthan Royals,Lucknow Super Giants,Jaipur,Lucknow Super Giants,10 Runs
27,Thu,20 Apr,3:30 PM,Punjab Kings,Royal Challengers Bangalore,Mohali,,
28,Thu,20 Apr,7:30 PM,Delhi Capitals,Kolkata Knight Riders,Delhi,,
29,Fri,21 Apr,7:30 PM,Chennai Super Kings,Sunrisers Hyderabad,Chennai,,
30,Sat,22 Apr,3:30 PM,Lucknow Super Giants,Gujarat Titans,Lucknow,,
31,Sat,22 Apr,7:30 PM,Mumbai Indians,Punjab Kings,Mumbai,,
32,Sun,23 Apr,3:30 PM,Royal Challengers Bangalore,Rajasthan Royals,Bengaluru,,
33,Sun,23 Apr,7:30 PM,Kolkata Knight Riders,Chennai Super Kings,Kolkata,,
34,Mon,24 Apr,7:30 PM,Sunrisers Hyderabad,Delhi Capitals,Hyderabad,,
35,Tue,25 Apr,7:30 PM,Gujarat Titans,Mumbai Indians,Ahmedabad,,
36,Wed,26 Apr,7:30 PM,Royal Challengers Bangalore,Kolkata Knight Riders,Bengaluru,,
37,Thu,27 Apr,7:30 PM,Rajasthan Royals,Chennai Super Kings,Jaipur,,
38,Fri,28 Apr,7:30 PM,Punjab Kings,Lucknow Super Giants,Mohali,,
39,Sat,29 Apr,3:30 PM,Kolkata Knight Riders,Gujarat Titans,Kolkata,,
40,Sat,29 Apr,7:30 PM,Delhi Capitals,Sunrisers Hyderabad,Delhi,,
41,Sun,30 Apr,3:30 PM,Chennai Super Kings,Punjab Kings,Chennai,,
42,Sun,30 Apr,7:30 PM,Mumbai Indians,Rajasthan Royals,Mumbai,,
43,Mon,1 May,7:30 PM,Lucknow Super Giants,Royal Challengers Bangalore,Lucknow,,
44,Tue,2 May,7:30 PM,Gujarat Titans,Delhi Capitals,Ahmedabad,,
45,Wed,3 May,7:30 PM,Punjab Kings,Mumbai Indians,Mohali,,
46,Thu,4 May,3:30 PM,Lucknow Super Giants,Chennai Super Kings,Lucknow,,
47,Thu,4 May,7:30 PM,Sunrisers Hyderabad,Kolkata Knight Riders,Hyderabad,,
48,Fri,5 May,7:30 PM,Rajasthan Royals,Gujarat Titans,Jaipur,,
49,Sat,6 May,3:30 PM,Chennai Super Kings,Mumbai Indians,Chennai,,
50,Sat,6 May,7:30 PM,Delhi Capitals,Royal Challengers Bangalore,Delhi,,
51,Sun,7 May,3:30 PM,Gujarat Titans,Lucknow Super Giants,Ahmedabad,,
52,Sun,7 May,7:30 PM,Rajasthan Royals,Sunrisers Hyderabad,Jaipur,,
53,Mon,8 May,7:30 PM,Kolkata Knight Riders,Punjab Kings,Kolkata,,
54,Tue,9 May,7:30 PM,Mumbai Indians,Royal Challengers Bangalore,Mumbai,,
55,Wed,10 May,7:30 PM,Chennai Super Kings,Delhi Capitals,Chennai,,
56,Thu,11 May,7:30 PM,Kolkata Knight Riders,Rajasthan Royals,Kolkata,,
57,Fri,12 May,7:30 PM,Mumbai Indians,Gujarat Titans,Mumbai,,
58,Sat,13 May,3:30 PM,Sunrisers Hyderabad,Lucknow Super Giants,Hyderabad,,
59,Sat,13 May,7:30 PM,Delhi Capitals,Punjab Kings,Delhi,,
60,Sun,14 May,3:30 PM,Rajasthan Royals,Royal Challengers Bangalore,Jaipur,,
61,Sun,14 May,7:30 PM,Chennai Super Kings,Kolkata Knight Riders,Chennai,,
62,Mon,15 May,7:30 PM,Gujarat Titans,Sunrisers Hyderabad,Ahmedabad,,
63,Tue,16 May,7:30 PM,Lucknow Super Giants,Mumbai Indians,Lucknow,,
64,Wed,17 May,7:30 PM,Punjab Kings,Delhi Capitals,Dharamshala,,
65,Thu,18 May,7:30 PM,Sunrisers Hyderabad,Royal Challengers Bangalore,Hyderabad,,
66,Fri,19 May,7:30 PM,Punjab Kings,Rajasthan Royals,Dharamshala,,
67,Sat,20 May,3:30 PM,Delhi Capitals,Chennai Super Kings,Delhi,,
68,Sat,20 May,7:30 PM,Kolkata Knight Riders,Lucknow Super Giants,Kolkata,,
69,Sun,21 May,3:30 PM,Mumbai Indians,Sunrisers Hyderabad,Mumbai,,
70,Sun,21 May,7:30 PM,Royal Challengers Bangalore,Gujarat Titans,Bengaluru,,,
